Title,Media URL,Pinterest board,Thumbnail,Description,Link,Publish date,Keywords
【1000円台・送料無料】市田柿 干し柿 500g 新物 ご自宅用 長野県産 |…｜楽天の売れ筋,https://kurotento.github.io/sidejob/pins/sosuke-10000226.jpg,1000円台・送料無料の売れ筋,,長野県産の渋柿を原材料に使って丁寧に仕上げた干し柿、市田柿が届くよ。 ・長野県産の渋柿を使った干し柿です ・内容量はたっぷり500g入っている ・12月から2月末までの期間限定販売です 長野県産の干し柿を味わいたい人に向いている。 楽天のレビュー件数・ランキングをもとに毎日まとめています。 ※楽天アフィリエイトを利用しています（PR）,https://kurotento.github.io/sidejob/item-sosuke-10000226.html,2026-10-09T22:30:00,"楽天,1000円台,送料無料,買い回り,お買い物マラソン,プチプラ"
【収納・インテリア】コロ脚 中が透けない 壁付き チェスト スリム/ワイド…｜楽天で人気,https://kurotento.github.io/sidejob/pins/e-kurashi-10048736.jpg,収納・インテリアの人気アイテム,,楽天のレビュー件数・ランキングをもとに毎日まとめています。 ※楽天アフィリエイトを利用しています（PR）,https://kurotento.github.io/sidejob/interior.html,2026-10-10T03:00:00,"収納,収納アイデア,インテリア,片付け,楽天,暮らし"
【ふるさと納税】累計4000万個突破 鉄板焼ハンバーグ デミソース 10…｜福岡県飯塚市の人気返礼品,https://kurotento.github.io/sidejob/pins/f402052-iizuka-10000315.jpg,ふるさと納税 人気返礼品,,福岡県飯塚市の鉄板焼ハンバーグは、牛スープで煮込んだ特製デミグラスソースが特徴の冷凍食品です。 ・牛スープで煮込んだ特製デミグラスソースを使用 ・中火で15分間湯煎するだけの簡単調理 ・欲しい分だけ使える便利な個食パック 手軽にボリュームのある肉料理を食べたい人に向いている。 楽天のレビュー件数・ランキングをもとに毎日まとめています。 ※楽天アフィリエイトを利用しています（PR）,https://kurotento.github.io/sidejob/furusato/item-f402052-iizuka-10000315.html,2026-10-10T08:00:00,"ふるさと納税,返礼品,ふるさと納税おすすめ,楽天ふるさと納税,節約"
【日用品】アタック 抗菌EX 洗濯洗剤 詰替 超特大サイズ 梱販売…｜楽天で人気,https://kurotento.github.io/sidejob/pins/rakuten24-11128644.jpg,日用品の人気アイテム,,楽天のレビュー件数・ランキングをもとに毎日まとめています。 ※楽天アフィリエイトを利用しています（PR）,https://kurotento.github.io/sidejob/daily.html,2026-10-10T11:30:00,"日用品,ストック,まとめ買い,楽天,暮らし,節約"
【1000円台・送料無料】選べるネックプレミアムカシミヤタッチニット｜楽天の売れ筋,https://kurotento.github.io/sidejob/pins/pierrot-10014126.jpg,1000円台・送料無料の売れ筋,,Pierrotの選べるネックプレミアムカシミヤタッチニットです。 ・素肌に触れるたび心地よいもっちりとした柔らかい質感 ・身体のラインを拾いにくい程よいゆとりのあるサイズ感 ・袖や裾のリブ切り替えですっきりとした印象にまとまる 肌触りの良いシンプルなきれいめ服を探している人 楽天のレビュー件数・ランキングをもとに毎日まとめています。 ※楽天アフィリエイトを利用しています（PR）,https://kurotento.github.io/sidejob/item-pierrot-10014126.html,2026-10-10T13:00:00,"楽天,1000円台,送料無料,買い回り,お買い物マラソン,プチプラ"
【1000円台・送料無料】炭酸水 500ml×24本｜楽天の売れ筋,https://kurotento.github.io/sidejob/pins/rakutenoriginal-daily-10000001.jpg,1000円台・送料無料の売れ筋,,楽天オリジナルの炭酸水500mlが24本入ったセットです。 ・国産の天然水を使用した無糖の炭酸水です ・カロリーや糖類がゼロで人工甘味料も不使用です ・500mlのペットボトルが24本入ったまとめ買いセットです すっきりとした無糖の炭酸水をおいしく飲みたい人に向いている。 楽天のレビュー件数・ランキングをもとに毎日まとめています。 ※楽天アフィリエイトを利用しています（PR）,https://kurotento.github.io/sidejob/item-rakutenoriginal-daily-10000001.html,2026-10-10T22:30:00,"楽天,1000円台,送料無料,買い回り,お買い物マラソン,プチプラ"
【収納・インテリア】NERUS ふわとろ毛布 Air AirPremium｜楽天で人気,https://kurotento.github.io/sidejob/pins/t-interior-10000256.jpg,収納・インテリアの人気アイテム,,楽天のレビュー件数・ランキングをもとに毎日まとめています。 ※楽天アフィリエイトを利用しています（PR）,https://kurotento.github.io/sidejob/interior.html,2026-10-11T03:00:00,"収納,収納アイデア,インテリア,片付け,楽天,暮らし"
【ふるさと納税】近江牛 入り ハンバーグ 6kg 3kg 2kg 1kg…｜滋賀県竜王町の人気返礼品,https://kurotento.github.io/sidejob/pins/f253847-ryuo-10001383.jpg,ふるさと納税 人気返礼品,,近江牛と淡路島産玉ねぎを使って作られたのが、この冷凍ハンバーグです。 ・近江牛と淡路島産玉ねぎを贅沢に使用 ・ボリュームのある1個200gサイズ ・保存に便利な個包装タイプ 手軽にボリュームのあるお肉料理を用意したい人に向いている。 楽天のレビュー件数・ランキングをもとに毎日まとめています。 ※楽天アフィリエイトを利用しています（PR）,https://kurotento.github.io/sidejob/furusato/item-f253847-ryuo-10001383.html,2026-10-11T08:00:00,"ふるさと納税,返礼品,ふるさと納税おすすめ,楽天ふるさと納税,節約"
【日用品】サンリオキャラクターズ シールシート ボンボンドロップシ…｜楽天で人気,https://kurotento.github.io/sidejob/pins/cinemacollection-10597461.jpg,日用品の人気アイテム,,楽天のレビュー件数・ランキングをもとに毎日まとめています。 ※楽天アフィリエイトを利用しています（PR）,https://kurotento.github.io/sidejob/daily.html,2026-10-11T11:30:00,"日用品,ストック,まとめ買い,楽天,暮らし,節約"
【1000円台・送料無料】ニキビ専科 ニキビ にきび ニキビケア ニキビ跡 ニキビ…｜楽天の売れ筋,https://kurotento.github.io/sidejob/pins/velus-10000030.jpg,1000円台・送料無料の売れ筋,,「ニキビ専科」は、大人の肌荒れや吹き出物を防ぐために作られた医薬部外品のジェルクリームです。 ・3つの有効成分がニキビや肌荒れを防ぐ ・22種の美容保湿成分を新たに配合している ・8項目の無添加で国内にて製造されている 繰り返す大人の肌荒れやニキビを防ぎたい人 楽天のレビュー件数・ランキングをもとに毎日まとめています。 ※楽天アフィリエイトを利用しています（PR）,https://kurotento.github.io/sidejob/item-velus-10000030.html,2026-10-11T13:00:00,"楽天,1000円台,送料無料,買い回り,お買い物マラソン,プチプラ"
【1000円台・送料無料】デビラボ ROOM 長袖パジャマ 子供服 キッズ 男の子…｜楽天の売れ筋,https://kurotento.github.io/sidejob/pins/devirockstore-10030402.jpg,1000円台・送料無料の売れ筋,,デビラボのROOM長袖パジャマは、キッズ向けの綿100％ルームウェアです。 ・素肌に心地よい綿100%素材を使用している ・吸汗性が良く汗ばむ季節も快適な着心地である ・股上が深めでお腹をしっかり覆う設計である おうち時間や旅行で着られる子ども用の長袖パジャマを探している人 楽天のレビュー件数・ランキングをもとに毎日まとめています。 ※楽天アフィリエイトを利用しています（PR）,https://kurotento.github.io/sidejob/item-devirockstore-10030402.html,2026-10-11T22:30:00,"楽天,1000円台,送料無料,買い回り,お買い物マラソン,プチプラ"
【収納・インテリア】即納 収納ボックス 収納ケース チェスト 折りたたみ 収…｜楽天で人気,https://kurotento.github.io/sidejob/pins/auc-kaei-trading-10000740.jpg,収納・インテリアの人気アイテム,,楽天のレビュー件数・ランキングをもとに毎日まとめています。 ※楽天アフィリエイトを利用しています（PR）,https://kurotento.github.io/sidejob/interior.html,2026-10-12T03:00:00,"収納,収納アイデア,インテリア,片付け,楽天,暮らし"
【ふるさと納税】高リピート率＆衝撃の厚み10mm 厚切り牛タン 塩味｜岩手県花巻市の人気返礼品,https://kurotento.github.io/sidejob/pins/f032051-hanamaki-10000827.jpg,ふるさと納税 人気返礼品,,岩手県花巻市のふるさと納税で手に入る、厚さ約10mmにカットされた塩味の牛タンです。 ・厚さ約10mmの贅沢な厚切りカット ・塩味付きで解凍して焼くだけ簡単調理 ・内容量や配送月を選べる返礼品 自宅で手軽に厚切りの牛タンを食べたい人に向いている。 楽天のレビュー件数・ランキングをもとに毎日まとめています。 ※楽天アフィリエイトを利用しています（PR）,https://kurotento.github.io/sidejob/furusato/item-f032051-hanamaki-10000827.html,2026-10-12T08:00:00,"ふるさと納税,返礼品,ふるさと納税おすすめ,楽天ふるさと納税,節約"
【日用品】アタック抗菌EX つめかえ用(1590g×6個)｜楽天で人気,https://kurotento.github.io/sidejob/pins/rakuten24-11348602.jpg,日用品の人気アイテム,,楽天のレビュー件数・ランキングをもとに毎日まとめています。 ※楽天アフィリエイトを利用しています（PR）,https://kurotento.github.io/sidejob/daily.html,2026-10-12T11:30:00,"日用品,ストック,まとめ買い,楽天,暮らし,節約"
【1000円台・送料無料】小玉 みかん 訳あり 小粒 1.5kg｜楽天の売れ筋,https://kurotento.github.io/sidejob/pins/kumamoto-food-10002669.jpg,1000円台・送料無料の売れ筋,,熊本県から届くのは、極小玉サイズを集めたみかんです。 ・熊本県産の温州みかんが合計約1.5kg入っている ・3SからSサイズの極小玉サイズが混合されている ・直射日光の当たらない冷暗所で保存できる 手軽につまめる小さなサイズのみかんを探している人 楽天のレビュー件数・ランキングをもとに毎日まとめています。 ※楽天アフィリエイトを利用しています（PR）,https://kurotento.github.io/sidejob/item-kumamoto-food-10002669.html,2026-10-12T13:00:00,"楽天,1000円台,送料無料,買い回り,お買い物マラソン,プチプラ"
【1000円台・送料無料】収納ボックス 収納ケース 折りたたみ 収納 ふた付き キ…｜楽天の売れ筋,https://kurotento.github.io/sidejob/pins/auc-kaei-trading-10000765.jpg,1000円台・送料無料の売れ筋,,衣類や小物の整理に役立つ折りたたみ収納ボックスです。 ・上部や前面など5つの方向から中身を取り出せる ・使わないときはコンパクトに折りたためる ・移動に便利なキャスターと防虫カップ付き クローゼットやリビングの小物をすっきり整理したい人に向いている。 楽天のレビュー件数・ランキングをもとに毎日まとめています。 ※楽天アフィリエイトを利用しています（PR）,https://kurotento.github.io/sidejob/item-auc-kaei-trading-10000765.html,2026-10-12T22:30:00,"楽天,1000円台,送料無料,買い回り,お買い物マラソン,プチプラ"
【収納・インテリア】掛け布団 洗える 布団 シンサレート 両面フランネル o…｜楽天で人気,https://kurotento.github.io/sidejob/pins/ease-space-10009401.jpg,収納・インテリアの人気アイテム,,楽天のレビュー件数・ランキングをもとに毎日まとめています。 ※楽天アフィリエイトを利用しています（PR）,https://kurotento.github.io/sidejob/interior.html,2026-10-13T03:00:00,"収納,収納アイデア,インテリア,片付け,楽天,暮らし"
【ふるさと納税】豚肉バラエティセット 4.5kg 3.6kg 2.1kg…｜宮崎県宮崎市の人気返礼品,https://kurotento.github.io/sidejob/pins/f452017-miyazaki-10002014.jpg,ふるさと納税 人気返礼品,,宮崎県産の豚肉がいろいろな調理法で楽しめるバラエティセットです。 ・宮崎県産の豚ロースや肩ロースが含まれている ・スライスや生姜焼きなどの種類がある ・小分けの真空パックで使いやすい 宮崎県産の豚肉を様々な料理で味わいたい人 楽天のレビュー件数・ランキングをもとに毎日まとめています。 ※楽天アフィリエイトを利用しています（PR）,https://kurotento.github.io/sidejob/furusato/item-f452017-miyazaki-10002014.html,2026-10-13T08:00:00,"ふるさと納税,返礼品,ふるさと納税おすすめ,楽天ふるさと納税,節約"
【日用品】日本製 ホテルスタイルタオル ビッグフェイスタオル｜楽天で人気,https://kurotento.github.io/sidejob/pins/toucher-home-10000264.jpg,日用品の人気アイテム,,楽天のレビュー件数・ランキングをもとに毎日まとめています。 ※楽天アフィリエイトを利用しています（PR）,https://kurotento.github.io/sidejob/daily.html,2026-10-13T11:30:00,"日用品,ストック,まとめ買い,楽天,暮らし,節約"
【1000円台・送料無料】栄養機能食品 亜鉛＆鉄 約6ヶ月分 1カプセルで亜鉛10…｜楽天の売れ筋,https://kurotento.github.io/sidejob/pins/seedcoms-10007533.jpg,1000円台・送料無料の売れ筋,,亜鉛と鉄をまとめて摂れる栄養機能食品のサプリメントです。 ・1カプセルに亜鉛10mgと鉄10mgを配合 ・1日1カプセルを目安に飲む栄養機能食品 ・合計90カプセル入りで約6ヶ月分の容量 亜鉛や鉄を手軽に補いたい人 楽天のレビュー件数・ランキングをもとに毎日まとめています。 ※楽天アフィリエイトを利用しています（PR）,https://kurotento.github.io/sidejob/item-seedcoms-10007533.html,2026-10-13T13:00:00,"楽天,1000円台,送料無料,買い回り,お買い物マラソン,プチプラ"
【1000円台・送料無料】ファミリーマート｜楽天の売れ筋,https://kurotento.github.io/sidejob/pins/rakkenshop-10000083.jpg,1000円台・送料無料の売れ筋,,"国内のファミリーマートでのお支払いに使える1,000円分のeギフトです。 ・日本国内のファミリーマートで使える1,000円分のチケットです ・スマートフォン画面を提示してレジでお会計ができる ・注文から約40分前後でmy楽券にチケットが表示される 家族や友人に手軽なデジタルギフトを贈りたい人に向いている。 楽天のレビュー件数・ランキングをもとに毎日まとめています。 ※楽天アフィリエイトを利用しています（PR）",https://kurotento.github.io/sidejob/item-rakkenshop-10000083.html,2026-10-13T22:30:00,"楽天,1000円台,送料無料,買い回り,お買い物マラソン,プチプラ"
【収納・インテリア】マットレス ｢純｣ 高反発(R) 全部洗える 10cm厚…｜楽天で人気,https://kurotento.github.io/sidejob/pins/tansu-10043927.jpg,収納・インテリアの人気アイテム,,楽天のレビュー件数・ランキングをもとに毎日まとめています。 ※楽天アフィリエイトを利用しています（PR）,https://kurotento.github.io/sidejob/interior.html,2026-10-14T03:00:00,"収納,収納アイデア,インテリア,片付け,楽天,暮らし"
【ふるさと納税】4.45 北海道産 牛肉 別海牛 焼肉 （ 肉 小分け…｜北海道別海町の人気返礼品,https://kurotento.github.io/sidejob/pins/f016918-betsukai-10002938.jpg,ふるさと納税 人気返礼品,,北海道別海町から届く別海牛の焼肉用牛肉です。 ・北海道別海町で育てられた別海牛の焼肉用牛肉 ・小麦やトウモロコシなどの穀物を与えて飼育 ・特製の味噌だれまたは甘だれが付属 自宅で手軽にこだわりの牛肉を楽しみたい人 楽天のレビュー件数・ランキングをもとに毎日まとめています。 ※楽天アフィリエイトを利用しています（PR）,https://kurotento.github.io/sidejob/furusato/item-f016918-betsukai-10002938.html,2026-10-14T08:00:00,"ふるさと納税,返礼品,ふるさと納税おすすめ,楽天ふるさと納税,節約"
【日用品】ハミングフレア 柔軟剤 つめかえ用 梱販売用(4袋入)｜楽天で人気,https://kurotento.github.io/sidejob/pins/rakuten24-11148573.jpg,日用品の人気アイテム,,楽天のレビュー件数・ランキングをもとに毎日まとめています。 ※楽天アフィリエイトを利用しています（PR）,https://kurotento.github.io/sidejob/daily.html,2026-10-14T11:30:00,"日用品,ストック,まとめ買い,楽天,暮らし,節約"
【1000円台・送料無料】ミックスナッツ 1kg 素焼きミックスナッツ 大人気3種…｜楽天の売れ筋,https://kurotento.github.io/sidejob/pins/nuthyougo-10000672.jpg,1000円台・送料無料の売れ筋,,くるみとアーモンド、カシューナッツの3種類をバランスよく合わせたミックスナッツです。 ・アーモンド、カシューナッツ、生くるみの3種類 ・植物油不使用で無添加の素焼きミックスナッツ ・内容量はたっぷり入った1kgの仕様 おやつやおつまみとして様々なナッツをまとめて楽しみたい人に向いている。 楽天のレビュー件数・ランキングをもとに毎日まとめています。 ※楽天アフィリエイトを利用しています（PR）,https://kurotento.github.io/sidejob/item-nuthyougo-10000672.html,2026-10-14T13:00:00,"楽天,1000円台,送料無料,買い回り,お買い物マラソン,プチプラ"
【1000円台・送料無料】い・ろ・は・す 天然水 PET ラベルレス(2000ml…｜楽天の売れ筋,https://kurotento.github.io/sidejob/pins/kenkocom-12148912.jpg,1000円台・送料無料の売れ筋,,い・ろ・は・すの天然水PETラベルレスは、日本各地の厳選した地元の水をお届けするナチュラルミネラルウォーターです。 ・日本各地の厳選した地元の天然水を使用している ・ラベルがないため剥がす手間のいらないボトルです ・2000ml入りが8本入ったセットです 自宅での水分補給用に大容量の水を手軽にストックしたい人に向いている。 楽天のレビュー件数・ランキングをもとに毎日まとめています。 ※楽天アフィリエイトを利用しています（PR）,https://kurotento.github.io/sidejob/item-kenkocom-12148912.html,2026-10-14T22:30:00,"楽天,1000円台,送料無料,買い回り,お買い物マラソン,プチプラ"
【収納・インテリア】30万人の眠りをサポートした 枕 ふわもち 腰 肩 首…｜楽天で人気,https://kurotento.github.io/sidejob/pins/luckyspread-10000001.jpg,収納・インテリアの人気アイテム,,楽天のレビュー件数・ランキングをもとに毎日まとめています。 ※楽天アフィリエイトを利用しています（PR）,https://kurotento.github.io/sidejob/interior.html,2026-10-15T03:00:00,"収納,収納アイデア,インテリア,片付け,楽天,暮らし"
【ふるさと納税】厚切り 牛タン 暴れ盛り 訳あり 牛たん 塩たん 食べ比…｜大阪府泉佐野市の人気返礼品,https://kurotento.github.io/sidejob/pins/f272132-izumisano-10005033.jpg,ふるさと納税 人気返礼品,,大阪府泉佐野市の牛タン暴れ盛り食べ比べセットです。 ・天然酵母の力で本来の旨みと食感を引き出した牛たん ・塩や玉ねぎなどを独自に配合した調味料で下味済み ・8mmの厚切りと薄切りの食べ比べができる小分け仕様 自宅で手軽に専門店の味を楽しみたい人に向いている。 楽天のレビュー件数・ランキングをもとに毎日まとめています。 ※楽天アフィリエイトを利用しています（PR）,https://kurotento.github.io/sidejob/furusato/item-f272132-izumisano-10005033.html,2026-10-15T08:00:00,"ふるさと納税,返礼品,ふるさと納税おすすめ,楽天ふるさと納税,節約"
【日用品】フレア フレグランス IROKA 柔軟剤 詰め替え(65…｜楽天で人気,https://kurotento.github.io/sidejob/pins/rakuten24-11148574.jpg,日用品の人気アイテム,,楽天のレビュー件数・ランキングをもとに毎日まとめています。 ※楽天アフィリエイトを利用しています（PR）,https://kurotento.github.io/sidejob/daily.html,2026-10-15T11:30:00,"日用品,ストック,まとめ買い,楽天,暮らし,節約"
【1000円台・送料無料】水 500ml×24本 天然水 ミネラルウォーター 飲料…｜楽天の売れ筋,https://kurotento.github.io/sidejob/pins/rakutenoriginal-daily-10000000.jpg,1000円台・送料無料の売れ筋,,富士山の天然水を使った、500ml×24本入りのミネラルウォーターです。 ・富士山の天然水を使用した国産のミネラルウォーターです ・飲みきりやすい500mlのペットボトルが24本入っている ・口当たりが良く毎日の水分補給やストックに向いている 自宅に飲み水を常備しておきたい人に向いている。 楽天のレビュー件数・ランキングをもとに毎日まとめています。 ※楽天アフィリエイトを利用しています（PR）,https://kurotento.github.io/sidejob/item-rakutenoriginal-daily-10000000.html,2026-10-15T13:00:00,"楽天,1000円台,送料無料,買い回り,お買い物マラソン,プチプラ"
【1000円台・送料無料】VELUS ハイドロキノン ハイドロキノンクリーム 純ハ…｜楽天の売れ筋,https://kurotento.github.io/sidejob/pins/velus-10000092.jpg,1000円台・送料無料の売れ筋,,VELUSのハイドロキノンクリームは、デリケートな肌をケアするためのナイトケアアイテムです。 ・純ハイドロキノンを5.0％の高濃度で配合している ・ヒト幹細胞培養エキスや保湿成分を含む23種の美容成分を配合 ・10項目のフリー処方を採用し国内で製造されている 紫外線ダメージが気になる箇所を夜間に集中的にケアしたい人に向いている。 楽天のレビュー件数・ランキングをもとに毎日まとめています。 ※楽天アフィリエイトを利用しています（PR）,https://kurotento.github.io/sidejob/item-velus-10000092.html,2026-10-15T22:30:00,"楽天,1000円台,送料無料,買い回り,お買い物マラソン,プチプラ"
【収納・インテリア】防音＆クッション性UP｜楽天で人気,https://kurotento.github.io/sidejob/pins/tansu-10049866.jpg,収納・インテリアの人気アイテム,,楽天のレビュー件数・ランキングをもとに毎日まとめています。 ※楽天アフィリエイトを利用しています（PR）,https://kurotento.github.io/sidejob/interior.html,2026-10-16T03:00:00,"収納,収納アイデア,インテリア,片付け,楽天,暮らし"
【ふるさと納税】訳あり 厚切り 塩銀鮭 切り身 1kg 2kg 3kg…｜千葉県銚子市の人気返礼品,https://kurotento.github.io/sidejob/pins/f122025-choshi-10000370.jpg,ふるさと納税 人気返礼品,,千葉県銚子市の銚子東洋が届ける、訳ありの厚切り塩銀鮭切り身です。 ・1切れ約110gから150gの肉厚なサイズ ・沖縄の塩シママースを使い低温で一晩漬け込み ・打ち身や不揃いなどの規格外品を集めた内容 食べごたえのある厚切りの銀鮭を家庭で存分に味わいたい人に向いている。 楽天のレビュー件数・ランキングをもとに毎日まとめています。 ※楽天アフィリエイトを利用しています（PR）,https://kurotento.github.io/sidejob/furusato/item-f122025-choshi-10000370.html,2026-10-16T08:00:00,"ふるさと納税,返礼品,ふるさと納税おすすめ,楽天ふるさと納税,節約"
【日用品】サンサンスポンジ 4個セット 全9色 キッチンスポンジ…｜楽天で人気,https://kurotento.github.io/sidejob/pins/dainichi-corp-10000046.jpg,日用品の人気アイテム,,ダイニチのサンサンスポンジ4個セットは、特殊高級ポリウレタン素材で作られた台所用の道具です。 ・特殊高級ポリウレタン素材で長持ちする ・空気を多く含む構造でモコモコ泡立つ ・ひと絞りで水がさらさら切れる 毎日の食器洗いを快適にこなしたい人に向いている。 楽天のレビュー件数・ランキングをもとに毎日まとめています。 ※楽天アフィリエイトを利用しています（PR）,https://kurotento.github.io/sidejob/daily.html,2026-10-16T11:30:00,"日用品,ストック,まとめ買い,楽天,暮らし,節約"
【1000円台・送料無料】ウィルキンソン タンサン ラベルレスボトル(500ml×…｜楽天の売れ筋,https://kurotento.github.io/sidejob/pins/kenkocom-12079545.jpg,1000円台・送料無料の売れ筋,,ウィルキンソンタンサンラベルレスボトルは、100年を超える伝統を持つ本格炭酸水です。 ・100年を超える伝統と信頼がある ・刺激が強めの本格炭酸飲料 ・ラベルを剥がす手省きがない 強い炭酸水を手軽に飲みたい人に向いている。 楽天のレビュー件数・ランキングをもとに毎日まとめています。 ※楽天アフィリエイトを利用しています（PR）,https://kurotento.github.io/sidejob/item-kenkocom-12079545.html,2026-10-16T13:00:00,"楽天,1000円台,送料無料,買い回り,お買い物マラソン,プチプラ"
